Top pages,Clicks,Impressions,CTR,Position
https://wiseplate.blog/food/kefir/,9,912,0.99%,13.28
https://wiseplate.blog/compare/red-green-black-lentils/,4,253,1.58%,16.31
https://wiseplate.blog/food/sesame-seeds/,4,92,4.35%,17.32
https://wiseplate.blog/food/egcg/,2,158,1.27%,32.91
https://wiseplate.blog/food/sardines/,2,12,16.67%,24.5
https://wiseplate.blog/food/,1,149,0.67%,27.5
https://wiseplate.blog/food/peanut-butter/,1,101,0.99%,24.96
https://wiseplate.blog/food/cinnamon/,1,74,1.35%,26.58
https://wiseplate.blog/food/pistachios/,1,67,1.49%,44.7
https://wiseplate.blog/food/pumpkin-seeds/,1,66,1.52%,11.47
https://wiseplate.blog/compare/blueberry-raspberry-strawberry/,1,60,1.67%,6.75
https://wiseplate.blog/run/run_shorts/,1,45,2.22%,10.71
https://wiseplate.blog/food/amaranth/,1,31,3.23%,16.29
https://wiseplate.blog/food/iron/,0,453,0%,76.78
https://wiseplate.blog/food/tuna/,0,219,0%,56.37
https://wiseplate.blog/compare/green-black-white-tea/,0,213,0%,43.24
https://wiseplate.blog/food/pecans/,0,170,0%,33.02
https://wiseplate.blog/food/shrimp/,0,166,0%,21.54
https://wiseplate.blog/food/oatmeal/,0,157,0%,36.4
https://wiseplate.blog/food/cottage-cheese/,0,147,0%,15.19
https://wiseplate.blog/food/walnuts/,0,139,0%,37.21
https://wiseplate.blog/food/red-meat/,0,134,0%,40.11
https://wiseplate.blog/food/tofu/,0,110,0%,30.42
https://wiseplate.blog/food/green-tea/,0,109,0%,36.7
https://wiseplate.blog/food/greek-yogurt/,0,86,0%,20.9
https://wiseplate.blog/food/mango/,0,82,0%,38.2
https://wiseplate.blog/food/seaweed/,0,81,0%,22.37
https://wiseplate.blog/compare/potato-sweet-purple/,0,80,0%,20.15
https://wiseplate.blog/food/chickpeas/,0,68,0%,29.76
https://wiseplate.blog/food/kimchi/,0,61,0%,24.11
https://wiseplate.blog/food/pomegranate/,0,54,0%,38.63
https://wiseplate.blog/food/goat-cheese/,0,52,0%,8.17
https://wiseplate.blog/food/sausages/,0,51,0%,21.14
https://wiseplate.blog/food/papaya/,0,49,0%,38.16
https://wiseplate.blog/food/cacao-nibs/,0,42,0%,12.62
https://wiseplate.blog/food/salami/,0,42,0%,23.19
https://wiseplate.blog/compare/,0,37,0%,16.97
https://wiseplate.blog/food/baked-potato/,0,36,0%,12.72
https://wiseplate.blog/food/kombucha/,0,35,0%,20.49
https://wiseplate.blog/food/rye-bread/,0,33,0%,8.85
https://wiseplate.blog/food/milk/,0,33,0%,23
https://wiseplate.blog/food/polyphenols/,0,29,0%,41.52
https://wiseplate.blog/food/deep-fried-sweet-potato-fries/,0,25,0%,8.84
https://wiseplate.blog/food/watermelon/,0,23,0%,62.61
https://wiseplate.blog/compare/white-brown-wild-rice/,0,21,0%,10
https://wiseplate.blog/food/supplements/vitamin-k/,0,19,0%,47
https://wiseplate.blog/food/bone-broth/,0,18,0%,19.11
https://wiseplate.blog/food/broccoli/,0,18,0%,19.11
https://wiseplate.blog/compare/soy-almond-oat-milk/,0,15,0%,19.67
https://wiseplate.blog/food/flax-seeds/,0,15,0%,40.07
https://wiseplate.blog/food/mushrooms/,0,13,0%,22.92
https://wiseplate.blog/food/coconut/,0,13,0%,56.31
https://wiseplate.blog/food/instant-soup/,0,12,0%,10.25
https://wiseplate.blog/food/salmon/,0,11,0%,29.73
https://wiseplate.blog/food/white-flour-crackers/,0,6,0%,6.5
https://wiseplate.blog/compare/chia-flax-hemp-seeds/,0,6,0%,24.17
https://wiseplate.blog/food/sweetened-ketchup/,0,6,0%,32
https://wiseplate.blog/food/supplements/,0,6,0%,49.33
https://wiseplate.blog/,0,5,0%,2
https://wiseplate.blog/food/almond-milk/,0,5,0%,18
https://wiseplate.blog/food/protein-powder/,0,5,0%,25.2
https://wiseplate.blog/tags/פסאודודגנים/,0,4,0%,6.25
https://wiseplate.blog/food/sufganiyah/,0,4,0%,59
https://wiseplate.blog/food/chocolate-coated-cookies/,0,2,0%,6
https://wiseplate.blog/tags/תזונה/,0,2,0%,11
https://wiseplate.blog/food/sugary-cheesecake/,0,2,0%,11.5
https://wiseplate.blog/food/soy-milk/,0,1,0%,17