Top queries,Clicks,Impressions,CTR,Position
egcg מה זה,1,108,0.93%,36.43
שומשום חסרונות,1,32,3.12%,9.91
חומצה קינמית,1,27,3.7%,10.3
חמאת בוטנים יתרונות,1,5,20%,27.4
קפיר חסרונות,0,262,0%,10.91
ברזל,0,179,0%,84.66
דג טונה ערך תזונתי,0,143,0%,66.89
בשר אדום,0,103,0%,41.55
תכונות של ברזל,0,100,0%,66.35
מה זה ברזל,0,98,0%,77.62
תה ירוק,0,56,0%,38.23
יתרונות וחסרונות,0,45,0%,11.47
אומגה 3 בטונה,0,42,0%,40.02
קקאו יתרונות,0,39,0%,55.18
קפיר,0,26,0%,37.58
אצות יתרונות,0,25,0%,26.2
יתרונות בריאותיים של אצות,0,25,0%,26.72
האם שיבולת שועל מכילה גלוטן,0,24,0%,30.88
אגוזי פקאן,0,23,0%,34.43
טופו חלבון,0,22,0%,33.18
ברזל שימושים,0,21,0%,79.29
טופו יתרונות וחסרונות,0,18,0%,11.28
kefir,0,17,0%,28.24
אגוז פקאן,0,16,0%,35
תמצית תה ירוק,0,16,0%,55.44
אבטיח,0,16,0%,69.12
חמאת בוטנים חלבון,0,14,0%,33.29
אגוזי מלך ערך תזונתי,0,14,0%,40.14
פוליפנולים,0,13,0%,42
קינמון,0,11,0%,68.55
שמן פקאן,0,10,0%,22.3
תפוח אדמה סגול,0,10,0%,29.1
אגוזי מלך יתרונות וחסרונות,0,9,0%,18.89
פפאין,0,9,0%,26.33
מה ההבדל בין יוגורט יווני ליוגורט רגיל,0,8,0%,15.12
גרעיני דלעת חסרונות,0,8,0%,15.62
חומוס חלבון,0,8,0%,26.25
רימון באנגלית,0,8,0%,27
שרימפס ערך תזונתי,0,8,0%,27.25
גלוטן בשיבולת שועל,0,8,0%,30
כף חמאת בוטנים חלבון,0,8,0%,34
egcg תה ירוק,0,8,0%,39.5
קימצ'י,0,8,0%,83
שומשום סגולות,0,7,0%,26.57
יוגורט יווני,0,7,0%,28.14
יתרונות בריאותיים של פקאן,0,7,0%,28.14
אגוז מלך ערך תזונתי,0,7,0%,39.14
חלב קפיר,0,7,0%,41.43
אגוז פקאן קלוריות,0,7,0%,42
כמה חלבון יש בטופו,0,7,0%,46.86
אגוזי מלך קלוריות,0,7,0%,47
הרימון,0,7,0%,50.57
הברזל,0,7,0%,78
מנגו חסרונות,0,6,0%,13.67
יתרונות,0,6,0%,21.33
אגוזי פקאן יתרונות,0,6,0%,23
קפיר מים,0,6,0%,23.33
אגוזי מלך חלבון,0,6,0%,24.83
שרימפס קלוריות,0,6,0%,28
קינמון ערך תזונתי,0,6,0%,28.67
שרימפס ערכים תזונתיים,0,6,0%,30.5
מה זה חלב,0,6,0%,31.67
תפוחי אדמה סגולים,0,6,0%,32.5
מה זה בשר אדום,0,6,0%,37.67
מה זה טופו,0,6,0%,42.67
מנגו בריאות,0,6,0%,44.33
מה זה כפיר,0,6,0%,44.67
מה ההבדל בין קפיר ליוגורט,0,5,0%,11.8
פטריות יתרונות וחסרונות,0,5,0%,16.8
אגוזי מלך חסרונות,0,5,0%,20.8
תה שחור חסרונות,0,5,0%,21.6
גרגירי קפיר,0,5,0%,27.8
גרגרי קפיר,0,5,0%,29.6
חומוס זה פחמימה,0,5,0%,30.2
קפיר חלב,0,5,0%,35.4
ממה עשוי טופו,0,5,0%,37.4
האם יש גלוטן בשיבולת שועל,0,5,0%,39
אגוז מלך יתרונות,0,5,0%,41.6
אגוז מלך קלוריות,0,5,0%,42.2
אגוזי מלך בריאות,0,5,0%,42.4
קפיר יוגורט,0,5,0%,42.8
ערך תזונתי אגוזי מלך,0,5,0%,43
אגוזי מלך ערכים תזונתיים,0,5,0%,43.6
האם בשיבולת שועל יש גלוטן,0,5,0%,46.8
מה זה שרימפס,0,5,0%,48.2
פקאן ערך תזונתי,0,5,0%,53
האם בתה ירוק יש קפאין,0,5,0%,58.8
קוטג בריא,0,5,0%,61.2
פיסטוק בריא,0,5,0%,62
גבינת עיזים יתרונות,0,4,0%,9
שיבולת שועל יתרונות וחסרונות,0,4,0%,12.25
ערכים תזונתיים שרימפס,0,4,0%,16.5
תוסף egcg,0,4,0%,16.75
קפיר יתרונות,0,4,0%,18.75
קקאו יתרונות וחסרונות,0,4,0%,23.25
כמה חלבון יש בשרימפס,0,4,0%,24.25
מנגו יתרונות,0,4,0%,26.25
מה זה kefir,0,4,0%,26.75
האם בתה שחור יש קפאין,0,4,0%,28
כמה חלבון יש בנקניקיה,0,4,0%,28
מה זה egcg,0,4,0%,29
חלבון חומוס,0,4,0%,29.5
שרימפס חלבון,0,4,0%,29.75
אגוזי פקאן קלוריות,0,4,0%,30.25
בחומוס יש חלבון,0,4,0%,30.25
האם חמאת בוטנים זה חלבי,0,4,0%,31.5
משקה קפיר,0,4,0%,31.5
מה זה קפיר,0,4,0%,31.75
אגוזי מלך יתרונות,0,4,0%,32
נקניק האם,0,4,0%,32
פיסטוק יתרונות,0,4,0%,33.25
עדשה תרבותית,0,4,0%,34.25
יוגורט קפיר,0,4,0%,34.5
האם קוטג בריא,0,4,0%,35.25
מנגו ויטמינים,0,4,0%,36.25
זרעי פשתן חסרונות,0,4,0%,37.5
סוגי עדשים,0,4,0%,42.75
אגוז פקאן ערך תזונתי,0,4,0%,44.25
כמה פיסטוקים לאכול ביום,0,4,0%,47
כמה חלבון יש באגוזי מלך,0,4,0%,50.75
רימון פרי,0,4,0%,50.75
האם יש קפאין בתה ירוק,0,4,0%,51.5
יסוד ברזל,0,4,0%,52.5
האם תה ירוק מכיל קפאין,0,4,0%,53.5
ערך תזונתי פקאן,0,4,0%,53.75
פפאיה סגולות,0,4,0%,57.5
egcg,0,4,0%,59
מה זה קימצ'י,0,4,0%,60
האם טופו בריא,0,4,0%,67.5
ממה עשוי ברזל,0,4,0%,74.25
גבינת קפיר,0,3,0%,10.67
כמה חלבון יש בחמאת בוטנים,0,3,0%,15.67
גרעיני דלעת ערך תזונתי,0,3,0%,16
עדשים כתומות באנגלית,0,3,0%,17.67
גבינת קוטג,0,3,0%,18.67
kefir בעברית,0,3,0%,19.67
גרגירי חומוס זה פחמימה או חלבון,0,3,0%,27
כמה גרם חלבון יש בכף חמאת בוטנים,0,3,0%,27.33
מה זה יוגורט יווני,0,3,0%,28.33
תה שחור קפאין,0,3,0%,28.67
ממה עשוי חלב,0,3,0%,29
קלוריות באגוזי מלך,0,3,0%,29.67
ערך תזונתי של שרימפס,0,3,0%,30.67
יוגורט יווני מומלץ,0,3,0%,32
ערכים תזונתיים אגוזי מלך,0,3,0%,32
כמה חלבון יש בכפית חמאת בוטנים,0,3,0%,32.67
ערך תזונתי שרימפס,0,3,0%,32.67
האם חומוס זה פחמימה,0,3,0%,33.67
אצות ים,0,3,0%,34
האם שרימפס בריא,0,3,0%,34.33
כמה חלבון בחמאת בוטנים,0,3,0%,34.33
נקניקיות ערך תזונתי,0,3,0%,34.67
שיבולת שועל משמין,0,3,0%,34.67
פולי קקאו,0,3,0%,35.67
flax seeds בעברית,0,3,0%,36
תה ירוק יתרונות,0,3,0%,36
אדום אדום בשר,0,3,0%,38
האם שומשום מכיל גלוטן,0,3,0%,38.33
אגוזי מלך סגולות,0,3,0%,39
oats בעברית,0,3,0%,40
בשר אדום ברזל,0,3,0%,43
אגוזי פקאן ערך תזונתי,0,3,0%,43.67
האם חמאת בוטנים זה בריא,0,3,0%,46.33
שרימפס תשחץ,0,3,0%,47.67
תמצית רימון,0,3,0%,47.67
כמה מנגו מותר לאכול ביום,0,3,0%,49.33
קלוריות אגוז מלך,0,3,0%,49.33
בשר אדום בריא,0,3,0%,51
מנגו בריא,0,3,0%,51
צמח תה ירוק,0,3,0%,52.67
האם עדשים זה פחמימה,0,3,0%,53.33
ערך גליקמי של שיבולת שועל,0,3,0%,54
ערך תזונתי של פקאן,0,3,0%,54.33
פיסטוק ערך תזונתי,0,3,0%,55
האם פיסטוק בריא,0,3,0%,55.33
האם יש חלבון בחומוס,0,3,0%,58.67
האם פיסטוק קלוי בריא,0,3,0%,60.67
תה ירוק קפאין,0,3,0%,61
שיבולת שועל ערך תזונתי,0,3,0%,63
אגוז מלך ערכים תזונתיים,0,3,0%,68.33
כמה קפאין יש בתה ירוק,0,3,0%,74.67
גבינת קוטג מקור,0,2,0%,11.5
כמה אצות מותר לאכול ביום,0,2,0%,12
יוגורט יווני יתרונות,0,2,0%,14
קוטג מקור,0,2,0%,14.5
מה ההבדל בין יוגורט רגיל ליוגורט יווני,0,2,0%,16
קמבוצ ה תופעות לוואי,0,2,0%,17
יוגורט יווני סמיך,0,2,0%,17.5
אלרגיה לשרימפס,0,2,0%,19
חלבונים בחומוס,0,2,0%,19
חלבון בחומוס,0,2,0%,19.5
חמאת בוטנים חסרונות,0,2,0%,19.5
פקאן יתרונות,0,2,0%,19.5
רימונים יתרונות וחסרונות,0,2,0%,19.5
ממה עשויה שיבולת שועל,0,2,0%,20.5
whole milk מה זה,0,2,0%,21
איזה עדשים הכי בריאות,0,2,0%,21.5
ממה עשוי קוטג,0,2,0%,21.5
3 אגוזי מלך קלוריות,0,2,0%,22
אורז מלא יתרונות וחסרונות,0,2,0%,22
ברוקולי יתרונות,0,2,0%,22
קוטג זה חלבון,0,2,0%,22.5
צ'יפס בטטה מטוגן,0,2,0%,23
מזה טופו,0,2,0%,24.5
חלבון בטופו,0,2,0%,25
כמה גרם חלבון יש בבשר אדום,0,2,0%,25
ממה עשוי שיבולת שועל,0,2,0%,25
שומשום ערך תזונתי,0,2,0%,25.5
ויטמינים בחלב,0,2,0%,26
כמה קלוריות יש בתפוח אדמה אפוי,0,2,0%,26
מה זה oat,0,2,0%,26
האם שיבולת שועל זו פחמימה,0,2,0%,26.5
חומוס חלבונים,0,2,0%,26.5
האם פיסטוק הוא אגוז,0,2,0%,27
חלבון בבשר אדום,0,2,0%,27
קפאין בתה ירוק,0,2,0%,27
צ יפס בטטה מטוגן,0,2,0%,28
kefir מה זה,0,2,0%,28.5
חומוס יתרונות,0,2,0%,29.5
חצי אגוז מלך קלוריות,0,2,0%,29.5
השוואת ערכים תזונתיים,0,2,0%,30
אגוזי מלך אומגה 3,0,2,0%,30.5
אצות ים באנגלית,0,2,0%,30.5
האם בטופו יש חלבון,0,2,0%,30.5
האם קוטג זה בריא,0,2,0%,30.5
מה זה flax seeds,0,2,0%,30.5
שיבולת שועל מקור השם,0,2,0%,30.5
חלב יתרונות,0,2,0%,31
כמה גרם חלבון יש בחמאת בוטנים,0,2,0%,31
מה זה תה ירוק,0,2,0%,31
מה יותר בריא בטטה או תפוח אדמה,0,2,0%,31
חומוס חלבון או פחמימה,0,2,0%,31.5
חמאת בוטנים רכיבים,0,2,0%,31.5
כמה גרם חלבון יש בשרימפס,0,2,0%,31.5
שיבולת שועל מה זה,0,2,0%,31.5
מה מיוחד ביוגורט יווני,0,2,0%,32
יוגורט יונוי,0,2,0%,32.5
כמה חלבון יש בבשר אדום,0,2,0%,32.5
‏יוגורט יווני,0,2,0%,32.5
יוגורט יווני בריא,0,2,0%,33
קלוריות אגוזי מלך,0,2,0%,33
קלוריות באגוז מלך,0,2,0%,33
חומוס זה חלבון או פחמימה,0,2,0%,33.5
קינמון תכונות רפואיות,0,2,0%,33.5
סגולות החומוס,0,2,0%,34.5
ערך תזונתי אגוזי פקאן,0,2,0%,34.5
פקאנים קלוריות,0,2,0%,34.5
ממה עשוי הטופו,0,2,0%,35
ממה עשוי תה ירוק,0,2,0%,35
מה זה עדשים,0,2,0%,35.5
עדשים זכר או נקבה,0,2,0%,35.5
קפיר משקה,0,2,0%,35.5
ויטמין k במזון,0,2,0%,36.5
האם עדשים זה חלבון,0,2,0%,37
כמה אומגה 3 יש בסלמון,0,2,0%,38.5
רימון ערך תזונתי,0,2,0%,38.5
האם יוגורט יווני בריא,0,2,0%,39
עדשים צהובות סוגת,0,2,0%,39
פקאנים ערך תזונתי,0,2,0%,39
חלב שיבולת שועל ערך תזונתי,0,2,0%,39.5
כולסטרול בשרימפס,0,2,0%,40.5
עדשים שחורות זה פחמימה,0,2,0%,40.5
רימון עושה עצירות,0,2,0%,40.5
טונה יתרונות,0,2,0%,41
כמה חלבון יש ב100 גרם שיבולת שועל,0,2,0%,41
פפאיה יתרונות בריאותיים,0,2,0%,41
שרמס,0,2,0%,41
כמה גרם חלבון יש בטופו,0,2,0%,41.5
כמה טופו מותר לאכול ביום,0,2,0%,42
סקובי,0,2,0%,42
מה ההבדל בין עדשים ירוקות לכתומות,0,2,0%,42.5
תה שחור או ירוק,0,2,0%,42.5
ויטמין k1,0,2,0%,44
שיבולת שועל ערך גליקמי,0,2,0%,44
בטטה או תפוח אדמה,0,2,0%,44.5
האם מנגו בריא,0,2,0%,45
פיסטוק סגולות,0,2,0%,45
קלוריות בשרימפס,0,2,0%,46
שיבולת שועל גלוטן,0,2,0%,46
אשלגן באבטיח,0,2,0%,46.5
פיסטוקים יתרונות,0,2,0%,46.5
מה יותר בריא תפוח אדמה או בטטה,0,2,0%,47
קוטג בריא או לא,0,2,0%,47
זרעי צ'יה יתרונות וחסרונות,0,2,0%,48
עדשים ירוקים או ירוקות,0,2,0%,48
flaxseed בעברית,0,2,0%,48.5
חמאת בוטנים זה בריא,0,2,0%,48.5
טופו מה זה,0,2,0%,48.5
מנגו זה בריא,0,2,0%,49
רימון פרי באנגלית,0,2,0%,49
האם בחומוס יש חלבון,0,2,0%,49.5
כמה קלוריות באגוזי מלך,0,2,0%,50
חומוס פחמימה או חלבון,0,2,0%,50.5
ברזל יסוד,0,2,0%,51
בתה ירוק יש קפאין,0,2,0%,51
קיפיר,0,2,0%,51
פנילאלנין תוסף תזונה,0,2,0%,51.5
פיסטוק חלבי ערך תזונתי,0,2,0%,52
פיסטוקים לא קלויים,0,2,0%,52.5
קינמון יתרונות,0,2,0%,53
תה ירוק ללא קפאין,0,2,0%,53.5
חסילונים,0,2,0%,54.5
מה זה שיבולת שועל,0,2,0%,54.5
flax seeds עברית,0,2,0%,56
האם קקאו בריא,0,2,0%,56
פיסטוק בריאות,0,2,0%,56
ערך קלורי אגוזי מלך,0,2,0%,56.5
כמה חלבון יש בדג סלמון,0,2,0%,57
תה לבן,0,2,0%,57
האם טופו זה בריא,0,2,0%,57.5
מנגו ערך גליקמי,0,2,0%,57.5
פיסטוקים ערך תזונתי,0,2,0%,59
שמן קוקוס ערך תזונתי,0,2,0%,59
כמה גרם חלבון יש בדג טונה,0,2,0%,62
מה שרימפס אוכל,0,2,0%,62.5
פוליפנול,0,2,0%,63
ויטמין k,0,2,0%,63.5
פיסטוק חלבי חסרונות,0,2,0%,64.5
תה ירוק צמח,0,2,0%,66.5
אמרנט דגן,0,2,0%,67
זרעי פפאיה,0,2,0%,68
קמבוצ'ה מה זה,0,2,0%,68
קמבוצ'ה סגולות,0,2,0%,68.5
מה זה אמרנט,0,2,0%,69.5
איזה ויטמינים יש במנגו,0,2,0%,70.5
גרעיני פפאיה סגולות,0,2,0%,70.5
ברזל סימול כימי,0,2,0%,71
שיבולת שועל פחמימות,0,2,0%,75.5
אובה מול בטטה,0,2,0%,77
ברזל בביצה,0,2,0%,83
kimixhi,0,1,0%,3
ואקאמה,0,1,0%,6
קפיק,0,1,0%,8
מה זה greek yogurt,0,1,0%,10
סלאמי נקניק,0,1,0%,10
אבקות ובסיסים,0,1,0%,11
תה ארל גריי חסרונות,0,1,0%,12
כמה חלבון בשרימפס,0,1,0%,15
מה זה יתרונות,0,1,0%,16
חלבון בחמאת בוטנים,0,1,0%,17
יתרונות בריאותיים,0,1,0%,17
כמה חלבון יש בכף חמאת בוטנים,0,1,0%,17
מנגו יתרונות וחסרונות,0,1,0%,17
כמה גרם יש בכף חמאת בוטנים,0,1,0%,18
מה זה whole milk,0,1,0%,18
נקניק חלבון,0,1,0%,18
שומשום ערכים תזונתיים,0,1,0%,18
כמה גרם חלבון יש בנקניקיה,0,1,0%,19
כמה קליוריות.בקופסאת.הקנקיטת,0,1,0%,19
פולי קקאו ערך תזונתי,0,1,0%,19
bone broth מה זה,0,1,0%,20
החמצת חלב,0,1,0%,20
חלבון אגוזי מלך,0,1,0%,20
חלבון בנקניקיות,0,1,0%,20
יוגורט קפיר יתרונות,0,1,0%,20
קינמון ציילוני,0,1,0%,20
קלוריות שרימפס,0,1,0%,20
מה ההבדל בין תה ירוק לשחור,0,1,0%,21
פולי קקאו יתרונות,0,1,0%,21
seaweed בעברית,0,1,0%,22
עצות ים,0,1,0%,22
קוטג מי המציא,0,1,0%,22
קוטג רכיבים,0,1,0%,22
bone broth בעברית,0,1,0%,23
האם אורז לבן בריא,0,1,0%,23
חופן אגוזי מלך קלוריות,0,1,0%,23
חלב מותסס,0,1,0%,23
כמה קלוריות יש בשרימפס,0,1,0%,23
מה ההבדל בין תה ירוק לתה שחור,0,1,0%,23
מנגו משמין,0,1,0%,23
עדשים תרגום,0,1,0%,23
פיסטוק יתרונות לגברים,0,1,0%,23
שיבולת שועל באנגלית,0,1,0%,23
תפוח אדמה בתנור ערך תזונתי,0,1,0%,23
גבינת קוטג באנגלית,0,1,0%,24
חומוס זה פחמימה או חלבון,0,1,0%,24
מה זה חלבון חלב,0,1,0%,24
עדשים כתומות מקולקלות,0,1,0%,24
קלוריות בתפוח אדמה אפוי,0,1,0%,24
chickpeas בעברית,0,1,0%,25
בשר אדום חלבון,0,1,0%,25
האם רוויון זה קפיר,0,1,0%,25
חמאת בוטנים טבעית יתרונות,0,1,0%,25
טופו חלבונים,0,1,0%,25
כמה קלוריות בתפוח אדמה אפוי,0,1,0%,25
מה זה חלבוני חלב,0,1,0%,25
ממה מורכב חלב,0,1,0%,25
עדשים כתומות חלבון,0,1,0%,25
פטריית כפיר,0,1,0%,25
קפיר עיזים,0,1,0%,25
אגוזי מלך יתרונות בריאותיים,0,1,0%,26
האם שיבולת שועל היא פחמימה,0,1,0%,26
חלב מילון,0,1,0%,26
חלבון באגוזי מלך,0,1,0%,26
טונה אומגה 3,0,1,0%,26
יתרונות אגוזי מלך,0,1,0%,26
מי קפיר,0,1,0%,26
סגולות אגוזי מלך,0,1,0%,26
פטריות חלבון מלא,0,1,0%,26
שומשום מלא ערך תזונתי,0,1,0%,26
תה ירוק חסרונות,0,1,0%,26
גרעיני דלעת עצירות,0,1,0%,27
חלב שקדים ביתי ערך תזונתי,0,1,0%,27
מה נחשב בשר אדום,0,1,0%,27
מרק עצמות יתרונות,0,1,0%,27
עדש או עדשה,0,1,0%,27
ערך תזונתי של גרעיני דלעת,0,1,0%,27
קאפיר,0,1,0%,27
קוטג זה בריא,0,1,0%,27
שומשום זה גלוטן,0,1,0%,27
4 אגוזי מלך חלבון,0,1,0%,28
kombucha מה זה,0,1,0%,28
אבטיח חסרונות,0,1,0%,28
גרעיני קפיר,0,1,0%,28
האם מנגו משמין,0,1,0%,28
יוגורט כפיר,0,1,0%,28
מה זה תה שחור,0,1,0%,28
פטריה טיבטית קפיר,0,1,0%,28
קוטג המצאה ישראלית,0,1,0%,28
רימון ערכים תזונתיים,0,1,0%,28
שיבולת שועל זה פחמימה או חלבון,0,1,0%,28
אגוזי מלך מגנזיום,0,1,0%,29
אובה לעומת בטטה סגולה,0,1,0%,29
זרעי קפיר,0,1,0%,29
חומוס זה חלבון,0,1,0%,29
חלבון דג סלמון,0,1,0%,29
חלבון סלמון,0,1,0%,29
מנגו אשלגן,0,1,0%,29
פטריית קפיר,0,1,0%,29
פקאן ערכים תזונתיים,0,1,0%,29
קומבוצה,0,1,0%,29
קינמון בריאות,0,1,0%,29
קינמון תכונות,0,1,0%,29
שיבולת שועל אשלגן,0,1,0%,29
האם אפשר לאכול ברוקולי צהוב,0,1,0%,30
האם גרגירי חומוס זה פחמימה,0,1,0%,30
האם חומוס זה חלבון,0,1,0%,30
חלבון בדג סלמון,0,1,0%,30
טופו זה חלבון,0,1,0%,30
כמה חלבון באגוזי מלך,0,1,0%,30
נקניקיות רכיבים,0,1,0%,30
קלוריות רימון,0,1,0%,30
רימון תרגום,0,1,0%,30
שיבולת שועל זה פחמימה,0,1,0%,30
4 אגוזי מלך קלוריות,0,1,0%,31
אגוזי מלך ערכים,0,1,0%,31
ביו קפיר,0,1,0%,31
גרעיני דלעת יתרונות בריאותיים,0,1,0%,31
חמאת בוטנים זה חלבי,0,1,0%,31
מה זה יוגורט,0,1,0%,31
מנגו סגולות,0,1,0%,31
מקור השם שיבולת שועל,0,1,0%,31
עדשים כתומים או כתומות,0,1,0%,31
קזאין מה זה,0,1,0%,31
קלוריות בפקאן,0,1,0%,31
קמבוצ'ה יתרונות,0,1,0%,31
קפיר מה זה,0,1,0%,31
איזה חלב שיבולת שועל הכי בריא,0,1,0%,32
האם במנגו יש הרבה סוכר,0,1,0%,32
חלב שיבולת שועל חסרונות,0,1,0%,32
חלב שיבולת שועל יתרונות וחסרונות,0,1,0%,32
יוגרט יווני,0,1,0%,32
כמה חלבון בסלמון,0,1,0%,32
כמה פחמימות יש בשיבולת שועל,0,1,0%,32
כמה קלוריות יש באגוזי פקאן,0,1,0%,32
כמה קלוריות יש בתה ירוק,0,1,0%,32
ממה עשוי יוגורט,0,1,0%,32
עדשים חומות או ירוקות,0,1,0%,32
עדשים שחורות או שחורים,0,1,0%,32
פולי קקאו גרוסים ערכים תזונתיים,0,1,0%,32
פקאן קלוריות ליחידה,0,1,0%,32
קפיר טבעוני,0,1,0%,32
רימון קלוריות,0,1,0%,32
שרימפ,0,1,0%,32
green-tea,0,1,0%,33
גבינת קוטג ערך תזונתי,0,1,0%,33
האם אגוזי פקאן בריאים,0,1,0%,33
האם שומשום משמין,0,1,0%,33
חמאת בוטנים בריא או לא,0,1,0%,33
טופו מרכיבים,0,1,0%,33
יגורט יווני,0,1,0%,33
כמה אומגה 3 יש באגוזי מלך,0,1,0%,33
כמה פיסטוקים מותר לאכול ביום,0,1,0%,33
מה זה oats,0,1,0%,33
מה יש בחלב,0,1,0%,33
ממה טופו עשוי,0,1,0%,33
קוטג זה ישראלי,0,1,0%,33
שיבולת שועל מכיל גלוטן,0,1,0%,33
avena en hebreo,0,1,0%,34
hudury huubh,0,1,0%,34
אגוזי מלך ערך קלורי,0,1,0%,34
זרעי צ'יה חסרונות,0,1,0%,34
טופו ממה עשוי,0,1,0%,34
מה זה פוליפנולים,0,1,0%,34
מנגו פחמימות,0,1,0%,34
פוליפנולים מה זה,0,1,0%,34
קינמון תופעות לוואי,0,1,0%,34
קלוריות פקאן,0,1,0%,34
רוטב קטשופ,0,1,0%,34
תוספות ליוגורט,0,1,0%,34
אורז לבן יתרונות,0,1,0%,35
ברוקולי עושה גזים,0,1,0%,35
חיידקי קפיר,0,1,0%,35
חלב שקדים רכיבים,0,1,0%,35
טופו כמה חלבון,0,1,0%,35
כמה חלבון יש באגוז מלך,0,1,0%,35
כמה חלבון יש בעדשים כתומות,0,1,0%,35
כמה קלוריות יש בפקאן,0,1,0%,35
קינמון סגולות,0,1,0%,35
pumpkin in hebrew,0,1,0%,36
איזה נקניקיות הכי בריאות,0,1,0%,36
האם יש חלבון בפטריות,0,1,0%,36
האם נקניקיות זה בריא,0,1,0%,36
טופו יתרונות,0,1,0%,36
כמה חלבון יש בנקניק,0,1,0%,36
מה זה קינמון,0,1,0%,36
מנגן תוסף תזונה,0,1,0%,36
מרק עצמות,0,1,0%,36
מרק עצמות סגולות,0,1,0%,36
נקניקיות זה בשרי,0,1,0%,36
עדשים שחורות פחמימה או חלבון,0,1,0%,36
ערך תזונתי אגוז מלך,0,1,0%,36
פפאיה יתרונות,0,1,0%,36
שיבולת שועל מרכיבים,0,1,0%,36
שיבולת שועל עבה ערך תזונתי,0,1,0%,36
בשיבולת שועל יש גלוטן,0,1,0%,37
חלבון בפטריות,0,1,0%,37
חלבון בשיבולת שועל,0,1,0%,37
יוגורט יווני 5 אחוז,0,1,0%,37
מה ההבדל בין קרם קוקוס לנוזל קוקוס,0,1,0%,37
סוגי שיבולת שועל,0,1,0%,37
ערכים מנגו,0,1,0%,37
שיבולת שועל זה גלוטן,0,1,0%,37
שמן קוקוס ערכים תזונתיים,0,1,0%,37
האם אגוזי מלך בריאים,0,1,0%,38
כמה חלבון יש באגוז מלך 1,0,1,0%,38
נקניקיה זה בשרי,0,1,0%,38
ערכים שיבולת שועל,0,1,0%,38
פקאנים ערכים תזונתיים,0,1,0%,38
שיבולת שועל יש גלוטן,0,1,0%,38
איך לאכול שומשום,0,1,0%,39
ברוקולי ערך בריאותי,0,1,0%,39
האם בחומוס יש גלוטן,0,1,0%,39
האם שומשום זה גלוטן,0,1,0%,39
מנגו יתרונות בריאותיים,0,1,0%,39
סגולות הברוקולי,0,1,0%,39
שיבולת שועל ויטמינים,0,1,0%,39
איזה ויטמינים יש בבשר,0,1,0%,40
האם באגוזים יש חלבון,0,1,0%,40
האם יש בשיבולת שועל גלוטן,0,1,0%,40
טופו האם בריא,0,1,0%,40
יוגורט יווני רכיבים,0,1,0%,40
לאוצין מה זה,0,1,0%,40
מה ההבדל בין חמאת בוטנים לריבה,0,1,0%,40
עדשים זה זכר או נקבה,0,1,0%,40
פיסטוק קלוריות,0,1,0%,40
vitamin k,0,1,0%,41
האם בעדשים יש חלבון,0,1,0%,41
האם בקינמון יש סוכר,0,1,0%,41
חומץ קוקוס,0,1,0%,41
מנטאק צ'יאה,0,1,0%,41
oat בעברית,0,1,0%,42
prawns בעברית,0,1,0%,42
ברוקולי סגולות,0,1,0%,42
האם שיבולת שועל משמינה,0,1,0%,42
חוסר בויטמין k,0,1,0%,42
כמה קלוריות בפיסטוק,0,1,0%,42
ממה עשוי שומשום,0,1,0%,42
שיבולת שועל ערכים,0,1,0%,42
rolled oats בעברית,0,1,0%,43
אבקת קקאו חסרונות,0,1,0%,43
אגוזי מלך ערך בריאותי,0,1,0%,43
במה יש ויטמין k,0,1,0%,43
האם בריא לאכול טופו כל יום,0,1,0%,43
הכנת קפיר,0,1,0%,43
שוםשום,0,1,0%,43
האם שומשום בריא,0,1,0%,44
ממה נקניקיות עשויות,0,1,0%,44
פיסטוק קלוריות ליחידה,0,1,0%,44
אגוז מלך ערכים,0,1,0%,45
האם בשר אדום בריא,0,1,0%,45
זרעי כפיר,0,1,0%,45
כמה קלוריות בפקאן,0,1,0%,45
ממה עשוי נקניק סלמי,0,1,0%,45
פפאיה עצירות,0,1,0%,45
בשר אדום לא בריא,0,1,0%,46
האם נקניק זה בריא,0,1,0%,46
האם פקאן בריא,0,1,0%,46
כמה ויטמין k צריך ביום,0,1,0%,46
כמה חלבון יש בדג טונה,0,1,0%,46
שיבולת שועל ירוקה,0,1,0%,46
שרימפס,0,1,0%,46
האם בטונה יש אומגה 3,0,1,0%,47
ויטמין k2 מה זה,0,1,0%,47
יוגורט פרוביוטי,0,1,0%,47
מה ההבדל בין מי קוקוס לחלב קוקוס,0,1,0%,47
מנגו ערכים בריאותיים,0,1,0%,47
עדשים חלבון או פחמימה,0,1,0%,47
ערך תזונתי פיסטוק,0,1,0%,47
פיסטוקים ערכים תזונתיים,0,1,0%,47
האם מנגו זה בריא,0,1,0%,48
כמה חלבון יש בסרדינים,0,1,0%,48
ממה עשויות נקניקיות,0,1,0%,48
שמן סומסום סגולות,0,1,0%,48
איך אומרים רימון באנגלית,0,1,0%,49
ממה עשוי נקניק סלמי כשר,0,1,0%,49
סוגי תה ירוק,0,1,0%,49
פפאיה סגולות רפואיות,0,1,0%,49
flaxseed מה זה,0,1,0%,50
חלקי הרימון,0,1,0%,50
מה זה rolled oats,0,1,0%,50
מה זה שומשום,0,1,0%,50
סלמי ערך תזונתי,0,1,0%,50
סלמיאק,0,1,0%,50
שיבולת שועל רכיבים,0,1,0%,50
אבטיח באנגלית,0,1,0%,51
שיבולת שועל לא בריא,0,1,0%,51
האם קטשופ בריא,0,1,0%,52
עדשים כתומות ערך תזונתי,0,1,0%,53
קינצי,0,1,0%,53
קמבוצ'ה תופעות לוואי,0,1,0%,53
דג טונה ערכים,0,1,0%,54
ויטמין k תופעות לוואי,0,1,0%,54
האם קוסקוס משמין,0,1,0%,55
מה עושים עם גרעיני פפאיה,0,1,0%,55
עדשים כתומות יתרונות,0,1,0%,55
רימון הפרי,0,1,0%,55
דג טונה ערכים תזונתיים,0,1,0%,56
חלב שיבולת שועל קלוריות,0,1,0%,56
מה ההבדל בין אוכמניות שחורות לכחולות,0,1,0%,56
עדשים זה פחמימה,0,1,0%,56
iron מה זה,0,1,0%,57
האם קקאו משמין,0,1,0%,57
חלב שקדים מומלץ,0,1,0%,57
סוגי שרימפס,0,1,0%,57
באיזה מאכלים יש פוליפנולים,0,1,0%,58
חמאת בוטנים מומלצת,0,1,0%,58
שימושים בפקאן,0,1,0%,58
ויטמיןk,0,1,0%,60
פפאיה בריאות,0,1,0%,60
קינמון קלוריות,0,1,0%,60
iron בעברית,0,1,0%,61
איך מכינים נקניק סלמי,0,1,0%,61
האם סופגניה זה חלבי,0,1,0%,61
זרעי פפאיה לאכילה,0,1,0%,61
אמרנט מה זה,0,1,0%,62
טמפרטורת התכה של ברזל,0,1,0%,63
סגולות הפפאיה,0,1,0%,63
רימון מצוי,0,1,0%,63
האם שיבולת שועל זה פחמימה,0,1,0%,64
פיסטוק לא קלוי ערך תזונתי,0,1,0%,64
פוליפנולים במזון,0,1,0%,65
כמה קלוריות בשרימפס,0,1,0%,66
פיסטוק ערכים תזונתיים,0,1,0%,66
ויטמין קיי,0,1,0%,67
מה זה סלמי,0,1,0%,67
גרעיני פפאיה,0,1,0%,68
פקאן ערכים,0,1,0%,68
10 אגוזי מלך קלוריות,0,1,0%,69
קטשופ בריא,0,1,0%,69
איך נוצר ברזל,0,1,0%,70
האם סרדינים זה בריא,0,1,0%,70
טונה זה חלבון,0,1,0%,71
מה ההבדל בין קמח קוקוס לקוקוס טחון,0,1,0%,71
ברזל תכונות,0,1,0%,72
פקאן סיני ערך תזונתי,0,1,0%,72
מה זה ברזל בגוף,0,1,0%,73
עדשים ירוקות או ירוקים,0,1,0%,73
מזונות עשירים בפוליפנולים,0,1,0%,74
קוקוס קלוריות,0,1,0%,74
טבלת מינרלים במזון,0,1,0%,75
מה זה flaxseed,0,1,0%,75
מה זה תה לבן,0,1,0%,75
האם בחסה יש ברזל,0,1,0%,76
תה ירוק מומלץ,0,1,0%,76
מה זה אבטיח גולי,0,1,0%,79
פטריות חלבון,0,1,0%,79
איזה ויטמין זה ברזל,0,1,0%,80
כמה קלוריות באגוז מלך,0,1,0%,80
ברזל בגוף,0,1,0%,81
האם קקאו זה בריא,0,1,0%,83
קוקוס בעברית,0,1,0%,83
ברזל בטבע,0,1,0%,85
crzk,0,1,0%,86
סוגי ברזל,0,1,0%,87
בזיליקום חסרונות,0,1,0%,88
סיבים תזונתיים באובה,0,1,0%,93